experiment,shape,n,param,algo,time_ms,compares,moves,extra_bytes,max_stack,sorted,stable
shapes,random,100000,0,mergeSort,21.6490,1536489,3337856,800008,17,1,1
shapes,random,100000,0,quickSort,20.3382,2032850,1308032,16,12,1,0
shapes,random,100000,0,timSort,19.6049,1533242,3030002,398592,11,1,1
shapes,sorted,100000,0,mergeSort,6.5487,815024,3337856,800008,17,1,1
shapes,sorted,100000,0,quickSort,4.4799,1696620,32767,16,16,1,1
shapes,sorted,100000,0,timSort,0.1905,99999,0,8,1,1,1
shapes,reversed,100000,0,mergeSort,6.6585,853904,3337856,800008,17,1,1
shapes,reversed,100000,0,quickSort,5.2998,1696633,182773,16,16,1,1
shapes,reversed,100000,0,timSort,0.7950,99999,150000,8,1,1,1
shapes,dups,100000,0,mergeSort,13.8431,1480304,3337856,800008,17,1,1
shapes,dups,100000,0,quickSort,16.2545,1764204,1992760,16,15,1,0
shapes,dups,100000,0,timSort,12.2181,1395284,2749550,359032,11,1,1
shapes,nearly,100000,0,mergeSort,9.1980,1301741,3337856,800008,17,1,1
shapes,nearly,100000,0,quickSort,4.9664,1739853,55982,16,15,1,1
shapes,nearly,100000,0,timSort,7.0197,1180214,1425462,267720,11,1,1
growth,random,1000,0,mergeSort,0.1284,8687,19952,8008,10,1,1
growth,random,1000,0,quickSort,0.1206,12561,8154,16,7,1,1
growth,random,1000,0,timSort,0.1062,8662,23720,3976,5,1,1
growth,random,4000,0,mergeSort,0.6420,42806,95808,32008,12,1,1
growth,random,4000,0,quickSort,0.5937,62960,38707,16,8,1,1
growth,random,4000,0,timSort,0.5361,42664,105225,15864,7,1,1
growth,random,16000,0,mergeSort,2.8049,203304,447232,128008,14,1,1
growth,random,16000,0,quickSort,2.7243,272762,179715,16,10,1,1
growth,random,16000,0,timSort,2.5739,202745,470489,63496,8,1,1
growth,random,64000,0,mergeSort,12.8825,941174,2044928,512008,16,1,1
growth,random,64000,0,quickSort,12.3039,1251898,809768,16,11,1,0
growth,random,64000,0,timSort,11.9826,938576,2068638,253936,10,1,1
growth,random,256000,0,mergeSort,62.1402,4276094,9203712,2048008,18,1,1
growth,random,256000,0,quickSort,55.5792,5616357,3611964,16,13,1,0
growth,random,256000,0,timSort,54.8799,4266646,9049008,1015792,12,1,1
growth,random,1024000,0,mergeSort,262.3889,19153504,40910848,8192008,20,1,1
growth,random,1024000,0,quickSort,243.2224,25480377,15803168,16,15,1,0
growth,random,1024000,0,timSort,244.2708,19113206,39261616,4063232,14,1,1
runs,runs,100000,1,mergeSort,6.5378,815024,3337856,800008,17,1,1
runs,runs,100000,1,quickSort,4.7767,1696626,32777,16,16,1,0
runs,runs,100000,1,timSort,0.1893,99999,0,8,1,1,1
runs,runs,100000,4,mergeSort,8.1539,915015,3337856,800008,17,1,1
runs,runs,100000,4,quickSort,15.3306,2696839,1285810,16,12,1,0
runs,runs,100000,4,timSort,2.6476,299996,299991,400000,3,1,1
runs,runs,100000,16,mergeSort,10.0524,1014984,3337856,800008,17,1,1
runs,runs,100000,16,quickSort,16.2823,2414340,1290613,16,11,1,0
runs,runs,100000,16,timSort,5.4866,499998,599940,400000,5,1,1
runs,runs,100000,64,mergeSort,12.9538,1114908,3337856,800008,17,1,1
runs,runs,100000,64,quickSort,16.8569,2272759,1305156,16,12,1,0
runs,runs,100000,64,timSort,7.8430,700007,899744,400000,7,1,1
runs,runs,100000,256,mergeSort,14.0470,1226733,3337856,800008,17,1,1
runs,runs,100000,256,quickSort,17.6298,2197540,1303136,16,12,1,0
runs,runs,100000,256,timSort,10.3569,912547,1199081,400000,9,1,1
runs,runs,100000,1024,mergeSort,15.9012,1350797,3337856,800008,17,1,1
runs,runs,100000,1024,quickSort,19.0575,2356820,1283164,16,12,1,0
runs,runs,100000,1024,timSort,14.1999,1148965,1490594,298440,10,1,1
runs,runs,100000,4096,mergeSort,18.4590,1459273,3337856,800008,17,1,1
runs,runs,100000,4096,quickSort,20.0528,2178570,1297636,16,12,1,0
runs,runs,100000,4096,timSort,17.4724,1484988,2795240,398592,11,1,1
runs,runs,100000,16384,mergeSort,19.9813,1527484,3337856,800008,17,1,1
runs,runs,100000,16384,quickSort,19.8168,2094530,1299392,16,11,1,0
runs,runs,100000,16384,timSort,19.0691,1529931,2983479,398592,11,1,1
